global_mean,global_std,slice_mean,hippocampus_mean,csf_ratio,wm_ratio,age,label
616.9803559168881,1469.5175519535107,1183.3761636805125,2438.2422468047675,0.8193217515945435,0.13104945421218872,78,1
672.3420761584184,1696.5883324911567,1361.631023734114,1352.2237297255174,0.811049222946167,0.13857346773147583,83,1
599.9576533300121,1451.2218757985165,1146.7105897893816,1524.9321072520606,0.8006948232650757,0.13184696435928345,68,0
543.059988593172,1254.2886769341903,1032.0201640001906,1664.914088835039,0.8140111565589905,0.12517106533050537,68,0
864.1771395807708,2100.8032505645047,1595.9735187764882,2326.9050474532423,0.7861652970314026,0.15685081481933594,52,0
