feature,importance
global_mean,0.15849206349206346
global_std,0.13007936507936507
slice_mean,0.12595238095238095
hippocampus_mean,0.14134920634920636
csf_ratio,0.1484920634920635
wm_ratio,0.09404761904761906
age,0.20158730158730162
